{
    "BeauteSocialite": [
        "Complex",
        "Tash_NoChill",
        "voguemagazine",
        "gracebutler",
        "Naezrah",
        "KAHRAEZink",
        "shebJAMmin",
        "PDChina",
        "bitchesbfightin",
        "imrahiiii",
        "ladychin_r",
        "Sweetest_Venom",
        "MrMouthAlmighty",
        "Essence",
        "kkwbeauty",
        "santimabeauty",
        "jemelehill",
        "Kevin36054450",
        "AskAngy",
        "tinkktheplugg",
        "bonnienichoalds",
        "ArielleMonai",
        "WhatsTheMoveNYC",
        "gvlden_des",
        "Binksyyyyy",
        "KreeKonnectz",
        "OldManRoland1",
        "WannasWorld",
        "jor_danmk",
        "Jaclynhill",
        "lyrical_marley",
        "korenarebecca",
        "keaux_",
        "donidarkowitz",
        "GoWithTheFlo__",
        "Life_OfCi",
        "whateverraee",
        "StatusFemme",
        "phildpplman",
        "Brieyonce",
        "News12BK",
        "Tianna______",
        "milkmakeup",
        "nxssa",
        "MulattoJesus3",
        "createdbyjarrod",
        "KingNasirXXX",
        "Kipsmithers301",
        "808snCarShakess",
        "ChrissyGlamm",
        "notcapnamerica",
        "biticonjustine",
        "lilsnowbabe"
    ],
    "Kevin36054450": [
        "LakeShowFamily",
        "BeauteSocialite",
        "FatKidDeals",
        "LivePlanDecor",
        "Foh_Ski",
        "Shijones",
        "Allstarz_Black",
        "Crossed_Over",
        "NoDaysOffIvan"
    ],
    "StatusFemme": [
        "lvnmy_bestlife",
        "arryanaluxe",
        "Dejs_twtt",
        "holychrissy",
        "resumakeovers",
        "chiccityvibes",
        "IAmAndreaWatson",
        "britniverse",
        "Music_LoveHER",
        "RyllieDanylko",
        "warriorabuelita",
        "NipseyFanpage",
        "imdatfeminist",
        "obbeeey_",
        "LeArielleSimone",
        "MaisieBells",
        "MelroseKey",
        "kim_yeonheeeee",
        "DeannaSKent",
        "___LunaB",
        "ashleysimpo",
        "G14_Classified_",
        "tafkadak",
        "mishaeShae_",
        "JulietCObodo",
        "cvrlne",
        "TakiJayy",
        "SisAreYouOkPod",
        "Drea4Pres",
        "ngyntlinh",
        "StatusFemme",
        "BeauteSocialite",
        "L_WaitheFans",
        "simply_marwa",
        "Rhay1991",
        "YourFaveDJ",
        "rockythebody",
        "Dezzpepper",
        "NdaliOzegbe"
    ],
    "Essence": [
        "melinamatsoukas",
        "TanyaAChristian",
        "adage",
        "RecordingAcad",
        "JoyAnnReid",
        "MoreReginaHall",
        "ShannonSharpe",
        "Haircut4homless",
        "hollyrpeete",
        "HRC",
        "mclyte",
        "corimurray",
        "Essence",
        "jemelehill",
        "LeToyaLuckett",
        "MonicaDenise",
        "MsPackyetti",
        "AndersonPaak",
        "Knowlesitall",
        "IGNITE_National",
        "AlphonsoDavid",
        "YeshaCallahan",
        "DwyaneWade",
        "ellevarner",
        "jtimberlake",
        "QueenAndSlim",
        "MissJodie",
        "kidnoble",
        "theestallion",
        "VFILES",
        "DoloresRobinson",
        "AtlanticLIVE",
        "CBSTVStudios",
        "itsgabrielleu",
        "MrDavidJohns",
        "Kehlani",
        "LenaWaithe",
        "TichinaArnold",
        "aliciakeys",
        "TishaCampblMrtn",
        "AishaHinds",
        "KELLYROWLAND",
        "JanelleMonae"
    ],
    "santimabeauty": [
        "shanedawson",
        "favLlGHTSKlN",
        "LouisVuitton",
        "jadesimplebeaut",
        "NatLovesFun",
        "jamescharles",
        "kathiesbeauty",
        "alexaraemua",
        "RecchiaFaith",
        "nancybelloo",
        "irisxgrace",
        "NaezrahMax",
        "hudabeauty",
        "AyuMua_Makeup",
        "taylormcgayhee",
        "Laura88Lee",
        "KingDavii1314",
        "LouisVuitton_UK",
        "KerryBellum",
        "symphonymonelle",
        "keilidhmua",
        "meganehrg",
        "niquebest",
        "Amythedutchess",
        "SoSueMe_ie",
        "DidisNot",
        "UrbanDecay",
        "JennyLoncaric",
        "KylSel97",
        "JeffreeStar",
        "MissBeeBright",
        "alissa_ashleyy",
        "KATVONDbeauty",
        "IvyKungu",
        "itstarekali",
        "makeupmamadom",
        "tiffanyironrage",
        "DabrenikaDubois",
        "marie_brownsuga",
        "Facekup",
        "santimabeauty",
        "sibyllete",
        "MidasCosmetics",
        "wetnwildbeauty",
        "lilerintron",
        "isthatoliverad1",
        "carlibybel",
        "itsmegama",
        "bhcosmetics",
        "CheyFollum",
        "somuchsimone",
        "itsapisces",
        "ABHcosmetics",
        "glambyhalley",
        "abbielyonsmua",
        "Blenderellla",
        "danayshiaavette",
        "felix_foxxxx",
        "LouisVuitton_US",
        "ColourPopCo",
        "makeupmomma7",
        "plouiseacademy",
        "fentybeauty",
        "VANS_66",
        "jayjaycosmetic1",
        "Java_and_Jeans",
        "britgrimesyt",
        "sophiemakeupx",
        "LocanasMua",
        "MorpheBrushes",
        "NatVeee",
        "MakeupShayla",
        "NikkieTutorials",
        "themakeupshack",
        "BBeauty1974",
        "beautyglazed",
        "DebraMacki",
        "her_riotx",
        "Certifeye",
        "ambarskye",
        "gingermakeupmom",
        "tartecosmetics",
        "blazin__beautie",
        "virgo_beauty96",
        "SuvaBeauty",
        "AfterpayUSA",
        "diamondmariela2",
        "KeenanMarlo",
        "BeauteSocialite",
        "Tonya_Stylz",
        "Rebeccaabeauty1",
        "Sophie_Septemia",
        "norvina1"
    ],
    "MulattoJesus3": [
        "AuntyAmara",
        "tnastyhoe",
        "deathtrapsnatch",
        "lohhren",
        "fuchsia_dragon",
        "heymyamya",
        "BraunSamuels",
        "PineappleCGC",
        "J_Dub23_1",
        "Twitter",
        "Gameslaya",
        "AMPARADOXXX",
        "babyygirlxxx_",
        "peteotus",
        "JazDntGivAFck",
        "TubelessTrixie_",
        "MikaSoBklyn",
        "Still_Xzav",
        "KBZO_",
        "dearsavio",
        "SeitanSlut",
        "CeramicGenius",
        "MiSz_GorgeOuSz",
        "SashaRaee_",
        "KeeBitch",
        "LifeAsBrooklynn",
        "jawny",
        "typicaltaryn",
        "lustforlola",
        "OdysseyDalize",
        "SavageAllure_",
        "stoptakingaudi",
        "BvbyGem",
        "itstyii",
        "TdotJohn",
        "_LilToast_",
        "Nanderrrs7",
        "BobbyBluGoat",
        "keyalyis",
        "ThickOva",
        "FrontStweet",
        "allohhhh",
        "olddash",
        "finance_rich",
        "Sasha_Raee",
        "RamboTooFunny",
        "missladylatte",
        "BriNashea_",
        "FreddieOneV3",
        "Saint_Louisan",
        "M3XRFW",
        "fohpleighboii",
        "djsgame",
        "xStiffKun",
        "breshawn23",
        "KickBackAnChill",
        "tscurlss",
        "TheBoySeggy",
        "Depinsomniac1",
        "G1ft3dG",
        "Dimi_h",
        "sykodyko94",
        "dana416",
        "YoungDirtDawg",
        "xoxotaye",
        "bmaas18",
        "JamilahLemieux"
    ],
    "korenarebecca": [
        "NikkiCallowayy",
        "jahneshia1",
        "zangiedoes",
        "FamousAmosJ69",
        "Naezrah",
        "aletaleta",
        "ShivaRamoutar",
        "zoeyy227",
        "bobbysglamworld",
        "kassandraxmua",
        "KerronMJohn",
        "amrezy",
        "NathanSpringuh",
        "ItsDeonn",
        "Chelleziaa",
        "rose_la_reine",
        "seunhere",
        "muanicole27",
        "itsjonellee",
        "aulanimitchell_",
        "GlamByAngelic",
        "jimmyoctober",
        "TheJuiceAlert",
        "lennyvandross",
        "jayjaycosmetic1",
        "codyko",
        "estelaestremera",
        "rayysahh",
        "britanybritany_",
        "leah_868",
        "itsmehakj_",
        "Kalpeemusic",
        "RealThebasicb",
        "TuggaAintShit",
        "sherripopnails",
        "Nefratt1",
        "_KimJongGill",
        "glambymykaila",
        "mangotukaree",
        "Jaclynhill",
        "IndexBeauty",
        "Shevannie1",
        "korenarebecca",
        "TheGlamJesus",
        "bre_cw",
        "somuchsimone",
        "chris_collens",
        "BrincessShay",
        "Sachurrr",
        "cutcreaser",
        "phildpplman",
        "kea_wallace",
        "peach_melk",
        "JeuneWeekes",
        "ABHcosmetics",
        "Saiyada_s",
        "epic_werk",
        "BougieBlackGurl",
        "laurrrelyse",
        "roariloops",
        "LilEzeVert",
        "AnastasiaBHpr",
        "norvina1",
        "GlamGawwd1990"
    ],
    "ChrissyGlamm": [
        "HYIMJEN",
        "LenoxSqMall",
        "ByronShears",
        "ColourPopCo",
        "jamescharles",
        "KrystalKhaos",
        "BeeRoyle",
        "MrsSin_E",
        "tiffanyironrage",
        "amanda_m915",
        "samiamaunicorn",
        "ladychin_r",
        "ItsDeonn",
        "lvndrbeauty",
        "MomentwithChip",
        "MomOfBoys223",
        "sissygirl444",
        "fentybeauty",
        "AntphroditeStan",
        "GlamByAngelic",
        "SummarellAshley",
        "erykahwilson_",
        "SisterOvtheMoon",
        "Rocioceja_",
        "FootDem",
        "goregirlfx",
        "fox5dc",
        "MarlenaStell",
        "curtistriesmkup",
        "Brew_Boo",
        "montimccoymua",
        "drihandrade",
        "kamm_lester",
        "japanslayzz",
        "nikochan1984",
        "MorpheBrushes",
        "MarisaPWhite1",
        "paigeoenning",
        "Jaclynhill",
        "h_byanka",
        "AddylinWagner",
        "MkupbyShanShan",
        "emilymae323",
        "contrerasles88",
        "chrissyteigen",
        "AudreyCairns",
        "mileysaviour",
        "KeenanMarlo",
        "BeauteSocialite",
        "Samnorm1",
        "kgbeautyxo",
        "ABHcosmetics",
        "VannieBean",
        "UrbanDecay",
        "PaigeChristieUK",
        "hills02",
        "idriselba",
        "JeffreeStar",
        "Jiffyjeffers199",
        "rmjlc7907",
        "norvina1"
    ],
    "notcapnamerica": [
        "KamalaHarris",
        "CudneyMichael",
        "creynoldsnc",
        "citizenwillis",
        "briandmaxwell63",
        "Politidope",
        "knicole_a",
        "adelphean70",
        "kendrickdddtx",
        "RyanLizza",
        "TheJarell",
        "allyaranda",
        "jadapsmith",
        "WilGafney",
        "xtina",
        "Shawn00Guerra",
        "askjillian",
        "BetoForUMich",
        "snowmanomics",
        "JAYVERSACE",
        "bowmanlee7777",
        "ABC",
        "KamalaHQ",
        "CLE_SHONUFF",
        "charles_gaba",
        "Wm_Sadler",
        "ZerlinaMaxwell",
        "StrangerAunty",
        "HillaryClinton",
        "overanalyze1421",
        "chris_p_harris",
        "cenkuygur",
        "JonnyTopsider",
        "iMakeArtifacts",
        "AaleiBounds",
        "lafemmemagique",
        "brandiblifting",
        "Choooo_choooo",
        "EmmyA2",
        "CoreyWFrate",
        "MayaRupert",
        "ArlanWasHere",
        "Mathieu_Era",
        "prime_bee",
        "UFWupdates",
        "eddluxe",
        "DianaTremaine82",
        "zachbraff",
        "FFKingSlayer",
        "meenaharris",
        "OfficialJonZal",
        "AuthorKimberley",
        "RobertGarciaLB",
        "FarmerG_Paradox",
        "NBCNightlyNews",
        "armonandtrey",
        "DAW_LGFG",
        "HereIsHereToo",
        "mollyhc",
        "idriselba",
        "notcapnamerica",
        "PadmaLakshmi",
        "R2ThaEdgy",
        "Abacab543",
        "socalledsaul",
        "david_darmofal",
        "ofirahy",
        "RNicholasBurns",
        "CaptRadiance",
        "rlschina",
        "ReginaA1981",
        "ViaLovingFan",
        "adamslily",
        "_JolieFilleX",
        "schuylerannemac",
        "PelosiSquadFive",
        "neeratanden",
        "HarrySmith",
        "j_cianciolo",
        "PeteButtigieg",
        "SawyerHackett",
        "Samknapp46",
        "Ange_Amene",
        "RepMarkMeadows",
        "eskohn",
        "JohnJHarwood",
        "CCHPounder",
        "ColorArousal"
    ],
    "Tash_NoChill": [
        "AsiaChloeBrown",
        "SOruthless_305",
        "puemalol",
        "bitchesbfightin",
        "MotherOfMoons",
        "itslinzzzz_",
        "AirGordon_",
        "CleverlyChloe",
        "DRIFT_HER",
        "LexP__",
        "Tahoe_TV",
        "DaRichKid",
        "msPrettysmile",
        "IAmShannonAli",
        "peaches07",
        "iseeyouugly",
        "AyeeMami001",
        "JasminNoE___",
        "fuckthatviva",
        "SourpowerDre",
        "DrunkUncTony",
        "loccohontas",
        "TheBrookeAsh",
        "britshaniece",
        "vdeIrossi",
        "k_rich_",
        "msannabanana",
        "AriTheDon",
        "OH_thatsmo",
        "MsTosciMarie",
        "angie_goodwood",
        "Tosci_Marie",
        "Lawdhavemercy_",
        "PhoneDaPosites",
        "ShyThugg",
        "DJTosin",
        "Bhristinaa"
    ],
    "Complex": [
        "Complex",
        "jhaycortez",
        "chrisbrown",
        "ComplexSports",
        "Drake",
        "LILUZIVERT",
        "LouisVuitton_US",
        "jimmykimmel",
        "firstwefeast",
        "lildurk",
        "SnoopDogg",
        "ComplexStyle",
        "TPAIN",
        "50cent",
        "ComplexMusic",
        "1future",
        "ComplexSneakers",
        "Lilpeep",
        "virgilabloh",
        "PigsAndPlans",
        "JheneAiko",
        "ComplexPop",
        "madeon",
        "KidCudi",
        "BigSean",
        "JBALVIN",
        "sanbenito",
        "Timbaland",
        "drdre",
        "billieeilish",
        "torylanez",
        "ashanti",
        "A24",
        "ArtistHBTL",
        "SHREKRAP",
        "WhoIsKoji",
        "Spotify",
        "ChazChao3",
        "SoleCollector"
    ]
}