{
    "MrGage2you": [
        "bomani_jones",
        "MIPrepZone",
        "DialedInDetroit",
        "Gil_Brandt",
        "ReggieBush",
        "TJLang70",
        "CoachBrentWhite",
        "_waleedshahid",
        "gmalone",
        "shl",
        "DanFenner",
        "BarrySanders",
        "FTFonFS1",
        "DellyWEN",
        "KingJames",
        "russdiemon",
        "LRiddickESPN",
        "JalenRose",
        "DimeInAfrica",
        "TimBourret",
        "gnuman1979",
        "BradGalli",
        "KarenCivil",
        "Cianaf",
        "Earl_Watson",
        "LaBeautyologist",
        "jemelehill",
        "JamesALight",
        "zellieimani",
        "Snowden",
        "BenjaminSolak",
        "AdamSchefter",
        "securitydee_",
        "Chris_Broussard",
        "JOEL9ONE",
        "Hawk",
        "YahooSports",
        "MsTosciMarie",
        "RSherman_25",
        "EMUBarstool",
        "MartysaurusRex",
        "africanarchives",
        "JalenandJacoby",
        "tarheelupdate",
        "TheD_Zone",
        "KumarRaoNYC",
        "Chris_Deloach85",
        "JennJaneen",
        "lunaxkidd",
        "YesJulz",
        "tobias31",
        "1THale",
        "uninterrupted",
        "getnickwright",
        "ProFootballTalk",
        "wojespn",
        "SeaholmFootball",
        "monopali",
        "AllHailSupreme",
        "Lions",
        "JoeBudden",
        "_cCray",
        "iamdannyoh",
        "__Dre4",
        "DanWolken"
    ],
    "AllHailSupreme": [
        "deucebello",
        "JoeCrawford5",
        "joshuasdream",
        "BoogyProdDet",
        "yestojacob",
        "DCTGSportswear",
        "jclyde21",
        "DCTGMgmt",
        "Barbuckets11",
        "Memphis_MBB",
        "CWrightTV1",
        "edeven23",
        "Watchu__Mead",
        "JCrossover",
        "ahubes1023",
        "J2T__",
        "stephmcfadden11",
        "jrputney",
        "Cjblamen",
        "TraceMyLife",
        "BrettMartinTV",
        "AllHailSupreme",
        "snrsluke",
        "JusCallMeShon"
    ],
    "JamesALight": [
        "KStateFB",
        "ScottNRiddell",
        "B_Mich1",
        "JacquezGreen",
        "coachplouffe",
        "BarrySanders",
        "NFL_DovKleiman",
        "GPohly",
        "HelmetStalker",
        "nflthrowback",
        "theStevenRuiz",
        "CoachDuzzPittFB",
        "Raiders",
        "espn",
        "smartfootball",
        "HelmetAddict",
        "CoachNastyTX",
        "PatMcAfeeShow",
        "SharpFootball",
        "JamesALight",
        "DakotaBaseball",
        "mlombardiNFL",
        "BunkiePerkins",
        "davidpollack47",
        "DakotaFootball",
        "PardonMyTake",
        "macombdaily",
        "Djstepney3",
        "CoachRonQB",
        "barstoolsports",
        "Patriots",
        "Jeremywastaken",
        "MickMcCabe1",
        "alltwentytwo",
        "PFF_Mike",
        "CoachCogan",
        "StaceyDales",
        "wheelz044",
        "MDGAPodcast",
        "edsbs",
        "NFLonFOX",
        "TheCoachJournal",
        "JermainCrowell",
        "RonRobertsGoCVS",
        "pickedalready",
        "statechampsnet",
        "WTHelmets",
        "CoachVass",
        "humorandanimals",
        "AllanBell247"
    ],
    "ProFootballTalk": [
        "EvanDavidMyers",
        "clarencehilljr",
        "PFTCommenter",
        "nickmoody53",
        "LanceMoore16",
        "BarstoolBigCat",
        "MichaelDavSmith",
        "anthonysalyers",
        "MattInDaDena",
        "PFT_Live",
        "BonerNFL"
    ],
    "KingJames": [
        "UncleJames330",
        "TomBrady",
        "kylekuzma",
        "IPROMISESchool",
        "3rdHourTODAY",
        "MsKent10",
        "DWRIGHTWAY1",
        "KingJames",
        "MicaB40",
        "MikeEvans13_",
        "djmeel",
        "pr_RWTW",
        "StephenCurry30",
        "PDV",
        "Kaepernick7",
        "ComplexSneakers",
        "FSUFootball",
        "BrysonAdair",
        "K1",
        "MikeMancias1",
        "Money23Green",
        "Iam1Cent",
        "ACFresh21",
        "Nike",
        "EBled2",
        "ava",
        "DCBatman",
        "LJFamFoundation",
        "DwyaneWade",
        "Walmart",
        "NancySkinnerCA",
        "AFVofficial",
        "Lakers",
        "DeionSanders",
        "GavinNewsom",
        "nikebasketball",
        "De11eDonne",
        "Simone_Biles",
        "RomeTrav",
        "uninterrupted",
        "joelklatt",
        "joehaden23",
        "BlazePizza",
        "JaMorant",
        "PatrickMahomes",
        "athomas_25",
        "CoachDambrot",
        "JamesWorthy42",
        "mavcarter",
        "troydaniels"
    ],
    "_cCray": [
        "donnwunn",
        "FadeA_WayJ",
        "1ShakawuIu",
        "PrettyboiiDB_9",
        "sweatsXstew",
        "ThegirlJT",
        "_miyamarie",
        "lilceechi",
        "GueringerTh13th",
        "marie_brownsuga",
        "TiffanyJ___",
        "itsBUFFIE",
        "JbKnockout",
        "landd01",
        "sgrate__",
        "_Byrd_",
        "ayosworIdd",
        "_faiththegemini",
        "AriTheDon",
        "Malckaveli",
        "beayouu",
        "_lay_baby",
        "_Only1Dai",
        "____elle_",
        "RiahChristinee",
        "BAPEOFFICIAL",
        "__Teonia",
        "__tokyoToni",
        "WorldWideWebb80",
        "poe_gb",
        "BigSean",
        "Only1RY_"
    ],
    "shl": [
        "boxbrown",
        "dhh",
        "CourseCorrectly",
        "shadab",
        "AlexPiriz1",
        "AdamSinger",
        "rsg",
        "ViteAppIsaac",
        "pm",
        "asmith",
        "pradj7",
        "podhuntapp",
        "shl",
        "hrdwrknvrstps",
        "kochakian",
        "gumroad",
        "BrantTedeschi",
        "jasonfried",
        "ThirstyStep",
        "dvassallo",
        "letscrate",
        "starter_story",
        "toetjekoe",
        "iwangulenko",
        "FrankDenbow",
        "demodropgeorge",
        "nbashaw",
        "patricebaumel",
        "sanketsahu",
        "imrnbsh",
        "garrytan",
        "seyitaylor",
        "csallen",
        "jayvasdigital",
        "rohiteshd",
        "vcstarterkit",
        "ljin18",
        "brian_lovin",
        "then_there_was",
        "macro_man1",
        "efethecount",
        "gumroadians",
        "thebusybean_",
        "stefanmanku",
        "shiladitya",
        "SDurnov",
        "shanebreslin",
        "TheSill",
        "shlpaints",
        "andrewtye",
        "mary_codes",
        "kylefrost",
        "GumroadHelp",
        "profgalloway",
        "tylertringas",
        "jamesjyu",
        "DONOVAN1001",
        "IMAC2",
        "andreev_io",
        "Kat_Huang",
        "bentossell",
        "CindyBiSV",
        "dwlz",
        "photonstorm",
        "Quan",
        "csavage",
        "alphaprep",
        "SowmyaJatesan",
        "anildash",
        "andreasklinger",
        "vgr",
        "schlaf",
        "b_cavello",
        "balajis",
        "payment",
        "Tanujagohil",
        "ryanscherf",
        "brendan",
        "pjrvs"
    ],
    "AdamSchefter": [
        "PaulHembo",
        "DWAZ73",
        "RichCimini",
        "JosinaAnderson",
        "WerderEdESPN",
        "SportsCenter",
        "SeifertESPN",
        "JuiceCheck44",
        "JPattersonTV",
        "mortreport",
        "wingoz",
        "FieldYates",
        "Stephania_ESPN",
        "MartySmithESPN",
        "sportswatch",
        "jksports",
        "e_harris_31",
        "wojespn",
        "dalvincook",
        "MollyAMcGrath",
        "vikingstable",
        "JFowlerESPN",
        "bepryor"
    ],
    "MartysaurusRex": [
        "TwoHauteMamas1",
        "wisehog94",
        "DarnellMayberry",
        "SnoopDogg",
        "EazyLane",
        "kate_brandley",
        "cmclean89",
        "sdbrundidge",
        "mfall647",
        "minakimes",
        "TheLydiaCruz",
        "1053SS",
        "pattomasulo",
        "Actually_Toast",
        "nicolestockdale",
        "DFlyAwayHome",
        "CCatholicSchool",
        "NewEnglandPatr",
        "jasonsdeli",
        "kayohsnap",
        "1053thefan",
        "JayScottSmith",
        "mobogdan",
        "SirSnoops_",
        "Imworkingonit24",
        "CDoughertyNFL",
        "whackphillip",
        "KingShizzle1",
        "sellon_jennifer",
        "RDubThree",
        "Boomin_Bril",
        "mitchtlusty",
        "NICKIMINAJ",
        "710ESPNSeattle",
        "DosEquis",
        "chrisonorato",
        "CSOboston",
        "sam2w",
        "doogie_hooser",
        "WGNMorningNews",
        "BPPress",
        "1TimMurray",
        "rjchoppy",
        "ChicagoBears",
        "BulldogsMedia",
        "NateDog10000",
        "Target",
        "TayborSnapping",
        "KennyKing_Jr",
        "MediumMyke",
        "HousewifeUnreal",
        "JenksNBCS",
        "drewsilv",
        "dea_bon",
        "AnthonyRamos0",
        "Jordyacole",
        "Nickelodeon",
        "drivers11",
        "Only_Donnie",
        "MartysaurusRex",
        "RDCHomeAndHome",
        "SJP2CA",
        "SodoMojoFS",
        "knicksgirl33",
        "BrittanGolden",
        "Peter_Bukowski",
        "grubreport",
        "CassShep",
        "1045TheTeam",
        "maggiehendricks",
        "tictoc",
        "natalieweiner",
        "iampetermichael",
        "JessamynMcIntyr",
        "DisneyTVA",
        "ShonnMetta",
        "ChadMosher",
        "HalfwayCrook86",
        "neilhimself",
        "5Aftermidnite",
        "smothers1017",
        "GuapTeam508",
        "DaNatureboi2",
        "GallantSays",
        "Chubbythug"
    ],
    "1THale": [
        "_MarkDell",
        "DimeInAfrica",
        "tiffygvgs",
        "IamMarv",
        "Ddrenee861",
        "LeighMeeRandom",
        "T_Fatima_",
        "LiteSkindWonder",
        "Carters",
        "Kev_Chillin",
        "drthema",
        "Flowerchiiile",
        "PrettyGirlDe__",
        "jjohnson313",
        "RoyalMobISH",
        "The_LoveJones",
        "CrazygirlLucky"
    ],
    "zellieimani": [
        "MserRockstar",
        "stephnophony",
        "AOC",
        "Alyssa_Milano",
        "TONL",
        "CharlesRobinson",
        "heyassante",
        "lil_miss_bill",
        "AmolSinha",
        "ofirahy",
        "TexasTribune",
        "ethelsclub",
        "nytimes",
        "NPA_Prosecutes",
        "meenaharris",
        "6abcmike",
        "RoyaltyByDNA",
        "nessnitty",
        "VitielloVanessa",
        "WAERNews",
        "malcolmlocs",
        "SyracuseU",
        "RyanPHaygood",
        "fusetv",
        "kylepope",
        "najjmahal",
        "djeneba52",
        "mitamangeI",
        "zellieimani",
        "notagain_su",
        "BreeNewsome",
        "floricomant",
        "AdamSchefter",
        "TheEricaEngland",
        "RickyReports",
        "IamGMJohnson",
        "JulianCastro",
        "NJTVNews",
        "ReignOfApril",
        "seanieflanagan",
        "USwiza",
        "fakeshoredrive",
        "DeanObeidallah",
        "RepJohnConyers",
        "LeftSentThis",
        "JoshuaKissi",
        "SusanSarandon",
        "MthokoMadonda",
        "ahylton26",
        "BlakeDontCrack",
        "Baaaerrito",
        "curaffairs",
        "chronic_jordan",
        "bwerde",
        "michaelkelly68",
        "KristenClarkeJD",
        "ConorWightTV",
        "PassionPopSoc",
        "IToldYaSo_",
        "MayaRupert",
        "tcorreabuntley",
        "The1stGentleman",
        "HillNJTV",
        "E_Reid35",
        "72rockstarr",
        "MarshallProj",
        "goldwordsonpage",
        "davidapino",
        "RevCharlesBoyer",
        "taykm98",
        "zoeselesi",
        "Thatbulljuice",
        "ivieani",
        "robin_maxile",
        "Kaepernick7",
        "Esalo304"
    ]
}