{
    "messiahhcarey": [
        "miajanet_",
        "YesAurielle",
        "EViLANGELKY",
        "TM2_Bun",
        "TNcheesesteak",
        "kaatiewoods_",
        "LivPosting",
        "Will_R_Higgins",
        "iconickbeauty",
        "MayorHarris313",
        "LawTurley",
        "afropuffqueen",
        "MsClarabelleC",
        "AnushaLDN",
        "RaquelWillis_",
        "NajaySez",
        "terriah01",
        "DerBlabFisch",
        "MisterJROCKA",
        "RuPaul",
        "Every3Minutes",
        "DeionMo",
        "JOHNSONxNRG",
        "BtSquared2",
        "cerseisolipsism",
        "MsKellyMHayes",
        "RegalCourtier7",
        "aaliyahkyky",
        "okoyeslacefront",
        "abigael_sanchez",
        "MrHenrysDC",
        "tokyosensui",
        "juwanthewriter",
        "sextsbot",
        "AwwwwCats",
        "_javicoo",
        "Damien_LeGrant",
        "eyesaeyeah",
        "messiahhcarey",
        "missladylatte",
        "MelanincholyMe",
        "schianaw",
        "EscaflowneClown",
        "Slutfromthe80s",
        "lex_about_sex",
        "mindbendermind",
        "CocoapuffKisses",
        "YaaAsantewaaBa",
        "breakfastclubam",
        "maleuolent",
        "cuntgIomerate",
        "BranGarland",
        "shialacunt",
        "Steph_I_Will",
        "ts_amoreXXX",
        "HalfBlackington",
        "NeonMUA",
        "TRACEYkicksCULO",
        "HeartThrobNever"
    ],
    "iconickbeauty": [
        "TillNewHorizons",
        "killlaswank",
        "reinamodificada",
        "warmcherub",
        "bvnnyx_",
        "iconickbeauty",
        "longIivelisa",
        "earringdealer",
        "nefertitih_",
        "androgynoir",
        "LydiaSalara",
        "RaquelWillis_",
        "xoterriaxo",
        "NickNMedia",
        "chirpsehurts",
        "bribrisimps",
        "SpoopyLuna",
        "yallgotlaptopz",
        "pianta_",
        "eveadrienne",
        "jessterlavorre",
        "rarebre3d",
        "Michete",
        "mustyboochie",
        "InactionNever",
        "danulmao",
        "bbychakra",
        "devilishgrin000",
        "domcamatic",
        "alysiabr0wn",
        "Antillana_Soy",
        "1brys1",
        "Ellie_Noctis",
        "segnaro96",
        "MondayFake",
        "kiwbvi",
        "_RKGKNK_",
        "itstvj",
        "chichisup",
        "viIIaneuves",
        "makeupbyshaniah",
        "lemonssplice",
        "InspectorNerd",
        "schianaw",
        "PrincessAsii",
        "brainwxrms",
        "raptor_redeem",
        "dearnonnatives",
        "Glamazon1026",
        "rivermoon98",
        "ivieiart",
        "tashajuptr",
        "SAEKOSNOWtv",
        "solangeknowles",
        "enbytaquera",
        "BABiRAGE",
        "killakkira",
        "ellevargaz",
        "microbrien",
        "SuccubusTony",
        "P0SEBITCH",
        "beyfobic",
        "Iunaylle",
        "nostalgicuItra",
        "haaniyah_",
        "DirteeSprite",
        "tamia707",
        "BlackAndAspie",
        "pandamoonxo",
        "OhEmmeG",
        "metaldyke"
    ],
    "RegalCourtier7": [
        "GLOSAY___",
        "_aquemini",
        "xomgjay",
        "MzJenvy32",
        "soloshxxt",
        "SKEJayRogers",
        "RabbitRichards",
        "_jeszsell",
        "ElAmorNita",
        "_asiah__",
        "TipBeGoinOn",
        "YouStillWack2me",
        "Missjsinclair",
        "ambermouse_",
        "Ash_DatBaby",
        "SlyB29",
        "_ShortyyTatted",
        "itsledo405",
        "RiahRARELYhere",
        "TwigHoff",
        "therealnatblack",
        "CTGETDABAG",
        "x0oMichelleA",
        "this_is_trice",
        "Baelizean",
        "PlatinumBeautee",
        "AyeoRenaissance",
        "RegalCourtier7",
        "trvlyblessed__",
        "ESHAWN__",
        "ZapJudah",
        "jromeGarrett",
        "AtlKing83",
        "NolimitJu4m",
        "ochocinco",
        "kayd0t__",
        "InkpenCochran",
        "dnori25",
        "JalphLauren",
        "hollydaudy",
        "ulovewendy",
        "_Amlovee",
        "MamaElle_",
        "joshzprimetime",
        "GyalAhBraff",
        "SummerBreez3_22",
        "AllHailLeslie",
        "_dawnw81",
        "AintShit_CoolJ",
        "TooSweetFourYou",
        "notChvnel",
        "undenyinqbeauty",
        "l0useda",
        "CozyFatBoy",
        "ImPerfectlyDe",
        "Schmizzle_MyNiz",
        "MzFionaLove",
        "Shoebox_Von",
        "mmhmmmel"
    ],
    "cerseisolipsism": [
        "oheyzaz",
        "2020Blurbs",
        "_SXMV3L",
        "daniellesb_",
        "VeesusWilliams",
        "eveewing",
        "RuffneckRefugee",
        "dishooomm",
        "wadeinreallife",
        "2Taurean4U",
        "ginadivittorio",
        "Darke_Sister",
        "maitlis",
        "quaddiequad",
        "cerseisolipsism",
        "EBreezy6904",
        "chimmychamu",
        "Shankballs",
        "IndyaMoore",
        "messiahhcarey",
        "catherine_mayer",
        "RRinehart2012",
        "NotLaja",
        "aveeania",
        "TobiHaslett",
        "akbrujo",
        "andreopines",
        "Nikki528",
        "freshhel",
        "backt0nature",
        "PTSD_papi",
        "Lexual__",
        "squid_hugger",
        "BBCr4today",
        "GagerGage_"
    ],
    "breakfastclubam": [
        "Jacquees",
        "bonang_m",
        "WendyWilliams",
        "breakfastclubam",
        "netflix",
        "flamemonroe",
        "MeekMill",
        "djenvy",
        "MichaelGRubin",
        "PhillipYoumans",
        "AndrewYang",
        "WORLDSTAR",
        "tmcf_hbcu",
        "cthagod",
        "SawyerHackett",
        "BOOSIEOFFICIAL",
        "angelayee",
        "REFORM"
    ],
    "MsKellyMHayes": [
        "stschrader1",
        "ItWorks164",
        "adamjohnsonNYC",
        "barrybutler9",
        "FurmeWolfy",
        "ScottHech",
        "redfishstream",
        "truthout",
        "KlasfeldReports",
        "innocence",
        "KayJWhitlock",
        "publicroad",
        "nocontexttgp",
        "TowardsLessHarm",
        "onekade",
        "MrProfChanda",
        "jfkeeler",
        "SamAdlerBell",
        "rebeccanagle",
        "AskAngy",
        "dcrockett17",
        "MsKellyMHayes",
        "TaylorLorenz",
        "kksteffany",
        "sberg0",
        "zunityofone",
        "della_morte_",
        "ilyseh",
        "NavajoTweets",
        "Ash_Pro1",
        "nickconfessore",
        "nycsouthpaw",
        "BaburRealer",
        "melissagira",
        "MamoudouNDiaye",
        "erinacorbett",
        "prisonculture",
        "business",
        "joshua__frank",
        "NationalNurses",
        "FedSoc",
        "Vegarch",
        "xoDrVenture",
        "NBCNews",
        "Ad_Inifinitum",
        "DrRJKavanagh",
        "INeedABeerOrTwo",
        "GKMC18",
        "imyagirleva",
        "kittystryker",
        "ryangrim",
        "EmilyHatzar",
        "TwitterSupport",
        "ykomska",
        "HeatherAntos",
        "JordanLeeAnnCat",
        "AmarahKiran",
        "EmilyGorcenski",
        "libcomorg",
        "ClarissaMBrooks"
    ],
    "BtSquared2": [
        "Awesomina91",
        "SleeplesssInKy",
        "HollyGoNightly1",
        "BeeNasty_",
        "VtheEsquire",
        "Hey_Sita",
        "TatiDOBETTER",
        "OhEmmeG",
        "nethaoneofus",
        "earringdealer",
        "xidama",
        "NYGELSARTORIAL",
        "eveewing",
        "Picklep97218814",
        "alexxusceasar",
        "BooksBakesBio",
        "lemonGLDNoreo",
        "MrMouthAlmighty",
        "sierracallwood",
        "JourdanChaTaun",
        "StaxCooks",
        "Playm8z",
        "citazworld",
        "brownandbella",
        "Letthefussout",
        "notavegatarian",
        "mombxtch",
        "ombbloodbath",
        "BtSquared2",
        "ilyxbri",
        "squarebizzz650",
        "shealaghsays",
        "DragonflyJonez",
        "yellowpistols",
        "_BasedMistress",
        "lady_kristaa",
        "TaureanFemme",
        "adisasterreally",
        "MsZiggySunshine",
        "_Hate_Holly_",
        "ShaunRacks__",
        "LaCienegaBlvdes",
        "eleven8",
        "angie_goodwood",
        "MissSassbox",
        "screwyoumegn",
        "KianaBSqueeze",
        "CenettaVictoria",
        "KiaSpeaks",
        "Dani_Knope",
        "jasleeack",
        "themelaniedione",
        "kindacvnty",
        "jeleahgallien",
        "linluv5",
        "DirteeSprite",
        "vexedshawty",
        "capetownbrown",
        "iRackBrains",
        "caliphorniaqing",
        "HeartThrobNever",
        "notmalachi1"
    ],
    "Steph_I_Will": [
        "BlessedSpeeches",
        "Brooklynnoyork",
        "sherlock2g",
        "TNcheesesteak",
        "Parkour_Lewis",
        "sheffbx",
        "WearYourVoice",
        "AsiaChloeBrown",
        "ns0n",
        "se_fleenor",
        "EssentialYonce2",
        "dominique_chi",
        "TyGreen904",
        "xphaqtor",
        "ElementalAmber",
        "TheJakeChristie",
        "Dinolich",
        "andnowinstereo",
        "djolder",
        "Syfyfangrrls",
        "H2TheIzzo_",
        "semharg",
        "karaisshort",
        "terriah01",
        "Grapplnpolymath",
        "TheAVClub",
        "DTHalliday",
        "soulbrotha215",
        "IWriteAllDay_",
        "longleggsally",
        "FizzVsTheWorld",
        "JagunEsq",
        "Johnson20XX",
        "thotscholar",
        "infinitespeech",
        "such_A_frknlady",
        "Rashona",
        "LongLivLucio",
        "ACSSPOTLIGHT95",
        "VEGETEARIAN",
        "thejjtate48",
        "MommaLuvsManga",
        "OmarHolmon",
        "solomonmissouri",
        "killianfantasy",
        "saracentury",
        "VashtiHarrison",
        "gunswordfist",
        "GigawattConduit",
        "CoachKristaF",
        "DervishOfWhirl",
        "ToyinEdge",
        "Femmefeministe",
        "Steph_I_Will",
        "PerditaPatrice",
        "ValsBizarreAdv",
        "imani_exe",
        "terdcarply",
        "_Ghost_Blerd",
        "dwjohnson80"
    ],
    "sextsbot": [
        "ineffyble",
        "CringeDept",
        "theGarzanator",
        "YseultCeirw"
    ],
    "maleuolent": [
        "TRYVNS",
        "MmKxng",
        "espi361",
        "sopyathao",
        "lucywiththefur3",
        "ThatBoyYouLike",
        "cuckqueaning",
        "MorticiaGodiva",
        "BlvkDivmonds",
        "iconickbeauty",
        "OTAKUGOD270",
        "oodlenoodle_",
        "MsClarabelleC",
        "55mmbae",
        "GovernmentZA",
        "RaquelWillis_",
        "ronkerajii",
        "freshg0th",
        "_Shinigamimami",
        "_AndeKarim",
        "Poppymtirara",
        "tiffianagrande",
        "spoodlebug",
        "LuvChildMagick",
        "ARTE8IA",
        "TheTransGoddess",
        "blackfatqueer",
        "misssuber",
        "JackDMurphy",
        "zaftig_complex",
        "_daily_joseph_",
        "AndroGinKing",
        "NightlingBug",
        "messiahhcarey",
        "NotGeauxGabby",
        "thewhitespear",
        "aangelsimms",
        "Belly_Boi_69",
        "Butou_Renjin",
        "A_F_R_O_D_I_T_E",
        "gonegirlblunt",
        "orbgoddess",
        "animxes",
        "unsungbabe",
        "kirkxxs",
        "ianaIexander",
        "shutupaida",
        "PisceanSpirit",
        "Tinashe",
        "comradeyonce",
        "awengchuol",
        "ellevargaz",
        "gggladd",
        "TheSydneyA",
        "MissMessianic",
        "chukwu_21",
        "esukanoiru",
        "aaronphilipxo",
        "GalagaLuvr69",
        "itsazul_",
        "HoodSocialism",
        "BADGALANGIE",
        "iBaseball_1",
        "lewwdLilith",
        "rxdwan"
    ]
}