{
    "re_educate": [
        "David_Leavitt",
        "travisakers",
        "realDonaldTrump",
        "AOC",
        "PuestoLoco",
        "tedlieu",
        "ProudResister",
        "TheDemCoalition",
        "SenSanders",
        "TheJusticeDept",
        "leeladaou",
        "in_pubs",
        "Edgeofindy",
        "ewarren",
        "taradublinrocks",
        "joncoopertweets",
        "realTuckFrumper",
        "ElizabethEThorp",
        "Herbert_L_Reed",
        "LATiffani1",
        "jimsciutto",
        "IlhanMN",
        "sirDukeDevin",
        "politico",
        "ABC",
        "MarkDice",
        "JamesGleick",
        "ShemekaMichelle",
        "ReconJohn4",
        "alfajean"
    ],
    "ReconJohn4": [
        "BrianKolfage",
        "JamesOKeefeIII",
        "cov_Gretchen",
        "Hans101305",
        "TeamTrump",
        "re_educate",
        "RepAdamSchiff",
        "realDonaldTrump",
        "AOC",
        "EliseStefanik",
        "JennaEllisEsq",
        "gclight",
        "DavidJHarrisJr",
        "RitaPanahi",
        "DepolableDuck",
        "INTJutsu",
        "bennyjohnson",
        "kayleighmcenany",
        "POTUS",
        "tweettruth2me",
        "EddieRispone",
        "ErnestineRBrin1",
        "realDerekUtley",
        "nytimes",
        "gatewaypundit",
        "TribulationThe",
        "mel_faith1",
        "KevinWilliamB",
        "GOPLeader",
        "TheJusticeDept",
        "RepMattGaetz",
        "NancyJKoch",
        "MissILmom",
        "zeefa64",
        "outlawjw",
        "stclairashley",
        "TaraForTrump",
        "j_r028956",
        "SaraCarterDC",
        "RealCandaceO",
        "BellaBe11395785",
        "FogCityMidge",
        "NatButterflies",
        "Education4Libs",
        "StumpforTrump",
        "nedryun",
        "KamVTV",
        "siciln",
        "LATiffani1",
        "gtconway3d",
        "ElbertGuillory",
        "SusanMay65",
        "marklevinshow",
        "Liberals_R_Lame",
        "foghrnLeghrn810",
        "RealJack",
        "KroneRandy",
        "MJRID2",
        "TomFitton",
        "iGidgetGrace",
        "DonaldJTrumpJr",
        "Luckytobeme3",
        "TomiLahren",
        "fleccas",
        "TrumpStudents",
        "tracybeanz",
        "charliekirk11",
        "100Locked",
        "JulieReichwein1",
        "SenRickScott",
        "myjourneymyself",
        "alfajean"
    ],
    "alfajean": [
        "susieki81845017",
        "Ambrose85416942",
        "clovis1931",
        "JCW05887206",
        "re_educate",
        "realDonaldTrump",
        "DavidJHarrisJr",
        "no_silenced",
        "Carla68212188",
        "BeverlyMcCord2",
        "screaminAsmith3",
        "u2biker",
        "smublvd01",
        "BarcomeM",
        "omgness4real",
        "KrisBrbr93",
        "Christo29932651",
        "gatewaypundit",
        "EyesOnQ",
        "auser72307407",
        "RyanPHaygood",
        "LoveLakeLifeKim",
        "Gagootz55",
        "ASimplePatriot",
        "martuk56",
        "Dooley13William",
        "spa_nky74",
        "TjerandsenTor",
        "NahBabyNah",
        "GBNReports",
        "AlanEastep2",
        "diehl_chuck",
        "Robert88211453",
        "j_r028956",
        "RepStefanik",
        "BadBrad_1986",
        "carolina4POTUS",
        "coco14391",
        "dyro874",
        "DamonLee22",
        "NJTVNews",
        "nypost",
        "misspete64",
        "WarrenErrickso5",
        "Education4Libs",
        "MrDiddy85",
        "wrytyr",
        "DebraMessing",
        "reubing",
        "Crossbearer1956",
        "BillClinton",
        "TeamPelosi",
        "pittman_george",
        "matityahu4Trump",
        "Kintu3",
        "americanfreebir",
        "Rabbittgirl",
        "SpeakerPelosi",
        "PhilMcCrackin44",
        "cspan",
        "JohnnyLiles5",
        "kanyewest",
        "Yahoo",
        "HillNJTV",
        "jpaap",
        "All",
        "tttt6271964",
        "heatherjones333",
        "RevCharlesBoyer",
        "Handsomeconser2",
        "lindamac12steps",
        "ReconJohn4",
        "TheView",
        "w_terrence",
        "michaelmeans49",
        "FoxNewsDish",
        "alfajean"
    ],
    "Edgeofindy": [
        "re_educate",
        "proud1776",
        "realDonaldTrump",
        "AOC",
        "ddale8",
        "POTUS",
        "ThePlumLineGS",
        "tedlieu",
        "justinhendrix",
        "RepuBiker",
        "TheRyanNYC1",
        "joncoopertweets",
        "KatyinIndy",
        "GrahamAllen_1",
        "CarpeDonktum",
        "Herbert_L_Reed",
        "reubing",
        "LATiffani1",
        "GGovic",
        "kirstiealley",
        "JamesGleick",
        "parscale",
        "peterdaou"
    ],
    "JamesGleick": [
        "PXasy",
        "GreatDismal",
        "Sulliview",
        "JRubinBlogger",
        "JillFilipovic",
        "RepAdamSchiff",
        "harikunzru",
        "jbendery",
        "MattOswaltVA",
        "HeerJeet",
        "steve_vladeck",
        "nytopinion",
        "AJemaineClement",
        "mkonnikova",
        "robinsloan",
        "rayadverb",
        "TheGodPtah",
        "AmandaMarcotte",
        "AdamParkhomenko",
        "JoyceCarolOates",
        "futalora",
        "AndrewEpstein3",
        "aedwardslevy",
        "CBP",
        "dexterauthor",
        "AdamSerwer",
        "Profepps",
        "michikokakutani",
        "bradleyrsimpson",
        "jayrosen_nyu",
        "Harkaway",
        "brianbeutler",
        "KathaPollitt",
        "PeterAlexander",
        "DineshDSouza",
        "gtconway3d",
        "WillieGeist",
        "jcschmieder",
        "frankrichny",
        "Breznican",
        "jaketapper",
        "MollyJongFast",
        "NBCNews",
        "oliverbutler",
        "AstroKatie",
        "nytimesbooks",
        "shannonrwatts",
        "kylegriffin1",
        "emptywheel",
        "DonaldJTrumpJr",
        "tribelaw",
        "Mimirocah1",
        "rmathematicus",
        "anneapplebaum",
        "jonfavs",
        "quantian1",
        "sbg1",
        "MargaretAtwood",
        "LoyalNewYorkDem",
        "TedraCobb",
        "FedSoc"
    ],
    "LATiffani1": [
        "KamalaHarris",
        "TimRunsHisMouth",
        "Erin_Atkins31",
        "CassandraRules",
        "lbkdmd",
        "atensnut",
        "SKYRIDER4538",
        "Hurricane6750",
        "AdamSchiff",
        "mikandynothem",
        "Alexpad",
        "kikiVonyee",
        "rjnln02",
        "donmoody5",
        "ttofrog",
        "Charity13520861",
        "RetiredDA",
        "xtina",
        "GaetaSusan",
        "ACTBrigitte",
        "reubing",
        "iheartmindy",
        "BischoffThe",
        "tiffanylloree",
        "JamieOrtegafree",
        "IlhanMN",
        "baalter",
        "ABC",
        "kanyewest",
        "willw55",
        "charliekirk11",
        "I_Suck_At_Golf",
        "Jim_Jordan",
        "steph93065",
        "JimmyNash113",
        "realDonaldTrump",
        "Rexx__xa",
        "DvlDawgPedro",
        "RepMattGaetz",
        "HillaryClinton",
        "freshoffstill",
        "NRA",
        "rdrhwke",
        "ProTrumpGirl",
        "StacyLStiles",
        "petluvers4Trump",
        "USMarine_Vet",
        "circuit_dr",
        "JayneMachacek",
        "dhiggins63",
        "MarkDice",
        "Dawn_DeMore1",
        "CoryBooker",
        "themikepyles",
        "FreeMediaUS",
        "DevinNunes",
        "BarackObama",
        "RTayman",
        "pinkk9lover",
        "saveusallll",
        "RealSaavedra",
        "Pismo_B",
        "SandraSBreen",
        "MEDIATIONS99",
        "cvpayne",
        "dcexaminer",
        "RepStefanik",
        "fucaro13",
        "KatieHill4CA",
        "LATiffani1",
        "dave451972",
        "unperturbable",
        "bobfromLJ",
        "robjh1",
        "spec_mil",
        "pfabiani",
        "AOC",
        "catturd2",
        "BernieSanders",
        "ChatByCC",
        "POTUS",
        "thehill",
        "RoRonDgo",
        "TapRoomCraig",
        "KRSWorldReview",
        "JosephW79328767",
        "GudGingr97",
        "MAGA_G3M",
        "carrerapulse",
        "anaia80",
        "MarkSimoneNY",
        "JanetTxBlessed",
        "ShemekaMichelle",
        "ReconJohn4"
    ],
    "joncoopertweets": [
        "BryanDawsonUSA",
        "united",
        "ShawnInArizona",
        "KaivanShroff",
        "EliseStefanik",
        "kurtbardella",
        "Public_Citizen",
        "RobAnderson2018",
        "PuestoLoco",
        "VoteBo",
        "StateRepCurcio",
        "TheDemCoalition",
        "actblue",
        "RepMikeStewart",
        "JohnBelforLA",
        "PascrellforNJ",
        "FSFP",
        "AliAdair22",
        "swingleft",
        "astrostarbright",
        "ruthbenghiat",
        "KristenClarkeJD",
        "HillaryHolley4",
        "jennycohn1",
        "Zac_Petkanas",
        "AUdebm",
        "TedraCobb",
        "Jim_Jordan",
        "TheTNHoller",
        "SEGreenhalgh",
        "travisakers",
        "realDonaldTrump",
        "stevenk11011",
        "thedailybeast",
        "GovParsonMO",
        "amjoyshow",
        "nancylevine",
        "WalshFreedom",
        "jbouie",
        "brianbeutler",
        "Sky_Lee_1",
        "RobertCooper58",
        "MollyMcKew",
        "joshtpm",
        "LWV",
        "jasonintrator",
        "RepTedLieu",
        "JuliaDavisNews",
        "escapedmatrix",
        "kazweida",
        "FedSoc",
        "ezralevin",
        "ScottHech",
        "AuthorKimberley",
        "NatashaBertrand",
        "Millennial_Dems",
        "jedshug",
        "KellyO",
        "TheRickWilson",
        "Heidi_Cuda",
        "gtconway3d",
        "soledadobrien",
        "Mimirocah1",
        "morethanmySLE",
        "GOP",
        "fairfightaction",
        "RepAdamSchiff",
        "emtothea",
        "EnglishTeach07",
        "justinhendrix",
        "samy45",
        "KatiePhang",
        "TheRickyDavila",
        "taradublinrocks",
        "joncoopertweets",
        "neeratanden",
        "JonahDispatch",
        "knittinglinda",
        "ElizabethEThorp",
        "briantylercohen",
        "erikhalvorsen18",
        "NBCNews",
        "tribelaw",
        "NAACP",
        "JamesGleick",
        "gregpmiller",
        "NormOrnstein",
        "grantstern"
    ],
    "SenSanders": [
        "AFLCIO",
        "AOC",
        "ituc",
        "RoKhanna",
        "SenSanders",
        "NYCHA",
        "RepJimmyGomez",
        "RepRoKhanna",
        "dianeyentel",
        "TakeOnWallSt",
        "RepBarbaraLee",
        "KtreeThomas",
        "CSA_TUCA",
        "Ilhan",
        "greenhousenyt",
        "RepPressley",
        "RepAOC",
        "CTULocal1",
        "RichardTrumka",
        "sunrisemvmt",
        "RepRashida"
    ],
    "Herbert_L_Reed": [
        "copdoc1",
        "afbranco",
        "realDailyWire",
        "SkyNews",
        "RepAdamSchiff",
        "realDonaldTrump",
        "chuckwoolery",
        "EliseStefanik",
        "CharlieDaniels",
        "EddieRispone",
        "thewoman62",
        "JudicialWatch",
        "netanyahu",
        "townhallcom",
        "Project_Veritas",
        "DeepStateExpose",
        "ckchumley",
        "ShellyLBell",
        "SteveKEspinoza2",
        "statedeptspox",
        "LAALLIN",
        "vladimirchylik2",
        "thehill",
        "1776Stonewall",
        "gatewaypundit",
        "Secede4America",
        "grammieo",
        "PatriotNotPol",
        "RepMattGaetz",
        "PamelaGeller",
        "HillaryClinton",
        "EmeraldRobinson",
        "galacticaactual",
        "DailyCaller",
        "RobertZakchloe",
        "Brian_Boroimhe",
        "Herbert_L_Reed",
        "rj",
        "gtconway3d",
        "EdWhelanEPPC",
        "Alistair1911x",
        "WashTimes",
        "ericbolling",
        "rising_serpent",
        "steph93065",
        "GeauxScalise",
        "TomFitton",
        "NancyDPage",
        "DonaldJTrumpJr",
        "GovMikeHuckabee",
        "Blue2Reaganite",
        "JessDuntno",
        "charliekirk11",
        "BIZPACReview",
        "100PercFEDUP",
        "Reuters",
        "SpeakerPelosi",
        "SecPompeo",
        "nypost"
    ],
    "ShemekaMichelle": [
        "jvitalian83",
        "notimpo48895120",
        "jimmykimmel",
        "Millie_12591",
        "Lainey24467366",
        "TexasTribune",
        "Treece0012",
        "RealSeanIrish1",
        "GettingMany",
        "ScottAdamsSays",
        "TheNakedGirlz",
        "kikiVonyee",
        "DrLukeStrange1",
        "10Kittties",
        "JenMedrano12",
        "BlackonCinema",
        "ZubyMusic",
        "OxfordUnion",
        "anthbingo",
        "DebTarkon",
        "JudeTheOgre",
        "little_belittle",
        "Heather19947206",
        "chrissyteigen",
        "TamLovesLiberty",
        "woodysharks",
        "ButonlysaytheW1",
        "michellemalkin",
        "ICEgov",
        "JeffJosephUSA",
        "ABC",
        "RossiErin",
        "IWashington",
        "Whodis37373318",
        "MOMAGAMAVEN",
        "mcclay_roman",
        "HipHopThinker",
        "Evangel17614948",
        "WillieG36155135",
        "tariqnasheed",
        "MELANIATRUMP",
        "larryelder",
        "nick66403731",
        "SuriusVsVodka",
        "realDonaldTrump",
        "71_blazer",
        "DavidJHarrisJr",
        "TrumpWorld4",
        "KingfaceF1",
        "Essence",
        "mitchellvii",
        "kelly_syra",
        "people",
        "BNews45",
        "Melisa94361674",
        "nowthisnews",
        "IAM_JanelleJ",
        "WokeWarHawk",
        "PeterMcCormack",
        "ygnyghtstorm",
        "Ryan_Wynns",
        "LegendaryEnergy",
        "carlosrossimc",
        "pharaohfire",
        "LibertyHangout",
        "Joy_Villa",
        "1024Something",
        "TexasNanaTam",
        "CalIndependent",
        "BetteDavisI",
        "BrysonCreates",
        "foxnation",
        "allidoisowen",
        "rammer1978",
        "RealDealAxelrod",
        "DineshDSouza",
        "BrandonStraka",
        "IMO_Sha_J",
        "LATiffani1",
        "LHatKent",
        "HeavyMetalRulz",
        "jediliz",
        "without__labels",
        "NewRightNetwork",
        "StrawnPete",
        "idriselba",
        "NationalStrife",
        "TigCook",
        "HotepWithit",
        "Callendergirl91",
        "re_educate",
        "AdamTrahan",
        "lstpierre",
        "KaitMarieox",
        "POTUS",
        "magaxxoo",
        "RobertJohnDavi",
        "JimmyKimmelLive",
        "thewokeninja",
        "kimKBaltimore",
        "FindYrDestiny",
        "RealCandaceO",
        "LegacyReps",
        "Lybio",
        "DaveThurl",
        "realBenjiIrby",
        "SoteroBarboza",
        "_KelvinDKing",
        "Cheeksack",
        "ShemekaMichelle",
        "realCCrump",
        "AdamMilstein",
        "d4vesgrill",
        "w_terrence"
    ],
    "taradublinrocks": [
        "RepSeanMaloney",
        "nbcsnl",
        "herbbrooks26",
        "rufkutdiamnd",
        "EliseStefanik",
        "Gutshot4",
        "BarackObama",
        "WISuperstar",
        "LanyJennifer",
        "Harry_Styles",
        "calvin_portland",
        "Raiklin",
        "NicolleDWallace",
        "jessphoenix2018",
        "MIC_CPH",
        "kdw_8437",
        "lowercaseklr",
        "frankzuber4",
        "AdamParkhomenko",
        "charliewolflv1",
        "HamillHimself",
        "TankSchottle",
        "GregA1313",
        "funder",
        "bethmar_marsha",
        "JohnBelforLA",
        "TLEDunn",
        "Jim_Jordan",
        "05Phatty",
        "jodyvance",
        "GigiddyGoogiddy",
        "earthshipdweler",
        "cFidd",
        "TheRickWilson",
        "RepStefanik",
        "thatalexyarde",
        "MortalcoyleMi",
        "Chillymom8503",
        "taradublinrocks",
        "Rauchambeaux",
        "joncoopertweets",
        "lmnopGregory",
        "clenseren1",
        "JoyceWhiteVance",
        "ElizabethEThorp",
        "DrDrD85",
        "natimontelongo",
        "JessOConnell",
        "CuntyLiberal",
        "RachaelBL",
        "gtconway3d",
        "theautismdad",
        "LianeCarter",
        "RepSwalwell",
        "iRadioTube",
        "StephanieWise50",
        "MissBossyBoots_",
        "SuperWomYn1964",
        "kimguilfoyle",
        "corwinatorx",
        "Redladyanna",
        "DonaldJTrumpJr",
        "morethanmySLE",
        "JohnJHarwood",
        "readysetrock75",
        "Raven_Magic76",
        "JZubosky",
        "parscale",
        "dhhaddad1",
        "GOP",
        "BadTater534",
        "Rosie",
        "Dominic_CRD",
        "TedraCobb",
        "AverageJoeIowan",
        "DevinNunes"
    ]
}